mode,loss_pct,seed,run_id,status,attempt,wall_s,kind,victim,victim_task,trigger,n_contacts,min_rr_distance_m,restored,restoration_s,entered_s,lease_expire_s,lease_expire_all_s,space_reclaimed_s,detect_s,task_reassigned_s,duplicates,concurrent_holding,concurrent_execution,completions,tasks_completed_post,throughput_post,freezes,victim_moved_m,victim_task_completed_by,error
parakram,0,1,6d79411e-4b7b-40cd-acc8-a97e3308f5d9,no_trigger,1,258.5,s3,,,,,,,,,,,,,,,,,,,,,,,no blocking-junction moment found
parakram,0,1,32afcf0d-dd38-4896-9593-fcc5a9c1f831,ok,2,172.2,s3,robot3,task_002,primary (waiter robot1),0,0.5948329284582913,True,3.0970000000000013,7.299999999999997,1.9969999999999999,1.9969999999999999,3.0970000000000013,1.0970000000000013,,0,0,0,2,2,1.3333333333333333,2,,,
parakram,0,2,7845bc38-50ac-49e3-9fca-f5fb21760011,ok,1,247.4,s3,robot2,task_014,fallback (waiter robot3),0,0.060041068631114754,True,2.436000000000007,3.894999999999982,1.936000000000007,1.936000000000007,2.436000000000007,1.1359999999999957,,0,0,0,4,1,0.6666666666666666,2,,,
parakram,0,3,c9de3e6e-4b7d-4d03-8cdb-337c5112c7e6,ok,1,171.4,s3,robot1,task_001,primary (waiter robot2),0,0.11707910616521557,True,2.9480000000000075,4.0390000000000015,1.9480000000000075,1.9480000000000075,2.9480000000000075,1.3480000000000132,,0,0,0,2,2,1.3333333333333333,2,,,
parakram,0,4,0fe81abc-74f3-4a53-bfee-35fd6ff1c59b,ok,1,225.4,s3,robot1,task_006,fallback (waiter robot3),0,0.1586083161144341,True,2.959000000000003,17.370000000000005,1.9590000000000032,1.9590000000000032,2.959000000000003,0.9590000000000032,,0,0,0,4,1,0.6666666666666666,2,,,
parakram,0,5,75828353-9f7c-44db-8806-b7770fa0e80f,ok,1,253.0,s3,robot3,task_011,fallback (waiter robot1),0,0.11353128745240312,True,10.54000000000002,17.663999999999987,1.9399999999999977,1.9399999999999977,10.54000000000002,1.240000000000009,,0,0,0,4,1,0.6666666666666666,2,,,
parakram,10,1,4114319f-9b9d-4b89-91f1-fe06a52973c9,ok,1,166.0,s3,robot3,task_002,primary (waiter robot1),0,0.0713517074425386,True,2.9710000000000036,11.139999999999993,1.571000000000005,1.9710000000000036,2.9710000000000036,1.2710000000000008,,0,0,0,1,1,0.6666666666666666,2,,,
reauction_baseline,0,1,9cc8ff15-4135-46f4-8e35-452c1369f2ff,ok,1,146.0,s3,robot3,task_002,primary (waiter robot1),0,0.5566028417326908,True,2.5010000000000048,6.207000000000001,1.4010000000000034,1.406000000000006,2.5010000000000048,1.4010000000000034,,0,0,0,3,3,2.0,0,,,
reauction_baseline,0,2,03a284f9-b001-446c-a699-f4b629a812e8,ok,1,253.9,s3,robot2,task_012,fallback (waiter robot3),0,0.10905149732077193,True,2.2760000000000105,9.24199999999999,0.9759999999999991,0.9809999999999945,2.2760000000000105,0.9759999999999991,,0,0,0,5,2,1.3333333333333333,0,,,
reauction_baseline,0,3,7f2d1a32-4b5c-48fe-8c25-4d20ca951e5c,ok,1,254.0,s3,robot2,task_015,fallback (waiter robot1),0,0.13826634729433207,True,2.02800000000002,8.375,1.1280000000000143,1.1280000000000143,2.02800000000002,1.1280000000000143,,0,0,0,5,1,0.6666666666666666,0,,,
reauction_baseline,0,4,e7450791-34cd-4cab-b169-d5f2cb878140,ok,1,213.9,s3,robot1,task_013,fallback (waiter robot3),0,0.16343456506156437,True,9.269000000000005,17.411,0.9690000000000083,0.9690000000000083,9.269000000000005,0.9690000000000083,63.169,0,0,0,5,2,1.3333333333333333,0,,,
reauction_baseline,0,5,2113fa58-0162-4f16-8ee7-55890bee3de7,ok,1,165.9,s3,robot1,task_002,primary (waiter robot2),0,0.3438773259116463,True,2.331000000000003,3.4979999999999976,1.2310000000000016,1.2360000000000042,2.331000000000003,1.2310000000000016,,0,0,0,3,2,1.3333333333333333,0,,,
parakram,10,2,a285bcc3-b150-4e31-a02c-ab02bd5a08df,ok,1,242.9,s3,robot3,task_004,fallback (waiter robot1),0,0.1268403033475571,True,2.386000000000024,5.731999999999999,1.886000000000024,1.9860000000000184,2.386000000000024,1.0860000000000127,,0,0,0,6,3,2.0,2,,,
parakram,10,3,7ad513a9-505f-401a-8c65-4259d59e156b,ok,1,169.4,s3,robot1,task_001,primary (waiter robot2),0,0.3032833572050117,True,3.0390000000000157,7.5660000000000025,1.9390000000000072,1.9390000000000072,3.0390000000000157,1.0390000000000157,23.238,0,0,0,2,2,1.3333333333333333,2,,,
parakram,10,4,0e0de10f-638a-431e-9f74-b8b81e24396e,ok,1,217.9,s3,robot2,task_014,fallback (waiter robot1),0,0.32828283749099646,True,9.365000000000009,17.638999999999996,1.9650000000000034,1.9650000000000034,9.365000000000009,1.065000000000012,,0,0,0,5,2,1.3333333333333333,2,,,
parakram,10,5,ce6e1059-02f4-4561-9527-b25c8bfc0397,ok,1,245.4,s3,robot1,task_006,fallback (waiter robot3),0,0.14302567485411286,True,12.438000000000017,19.763000000000005,1.8380000000000223,1.9380000000000166,12.438000000000017,1.3380000000000223,38.238,0,0,0,5,2,1.3333333333333333,2,,,
reauction_baseline,10,1,b3890f78-fcea-4d25-989d-cd366f9aa9af,ok,1,160.4,s3,robot3,task_002,primary (waiter robot1),0,0.054407243171930866,True,1.524000000000001,5.8969999999999985,0.9239999999999995,0.9239999999999995,1.524000000000001,0.9239999999999995,,0,0,0,1,1,0.6666666666666666,0,,,
reauction_baseline,10,2,343dd6f4-fe6f-4f85-96a4-072c03f8b98a,ok,1,267.4,s3,robot2,task_008,fallback (waiter robot1),0,0.1694112818874546,True,2.2490000000000236,4.227000000000004,1.2490000000000236,4.949000000000012,2.2490000000000236,1.2490000000000236,,0,0,0,5,2,1.3333333333333333,0,,,
reauction_baseline,10,3,e53760fd-3284-4ad2-b165-07c6539ca0ec,ok,1,167.4,s3,robot1,task_001,primary (waiter robot2),0,0.1656160721237216,True,2.230000000000011,5.949000000000005,1.230000000000011,1.230000000000011,2.230000000000011,1.230000000000011,26.323,0,0,0,2,2,1.3333333333333333,0,,,
reauction_baseline,10,4,3a56281e-f914-496d-aa13-554cda95f832,no_trigger,1,248.0,s3,,,,,,,,,,,,,,,,,,,,,,,no blocking-junction moment found
reauction_baseline,10,4,28bdc5c8-dfbb-4d08-bd0a-9dc3e9f3f6d4,ok,2,209.4,s3,robot1,task_017,fallback (waiter robot2),0,0.21149602824461852,True,4.326000000000008,8.055999999999997,1.0260000000000105,1.0260000000000105,4.326000000000008,1.0260000000000105,,0,0,0,4,1,0.6666666666666666,0,,,
reauction_baseline,10,5,3a661dbf-92c4-46c3-8b82-ab9b94190547,ok,1,299.9,s3,robot3,task_010,fallback (waiter robot1),0,0.09624346265468205,True,10.12100000000001,11.498999999999995,1.320999999999998,9.520999999999987,10.12100000000001,1.320999999999998,,0,0,0,7,1,0.6666666666666666,0,,,
parakram,20,1,90b854c0-d09c-4f95-af87-6306ebcd38cb,ok,1,203.9,s3,robot1,task_012,fallback (waiter robot2),0,0.08670426434405709,True,2.4920000000000044,3.548000000000002,1.9920000000000044,1.9920000000000044,2.4920000000000044,0.9920000000000044,82.586,0,0,0,4,2,1.3333333333333333,2,,,
parakram,20,2,7dbbe093-3984-4cd1-bb7b-824516ea2594,no_trigger,1,260.5,s3,,,,,,,,,,,,,,,,,,,,,,,no blocking-junction moment found
parakram,20,2,121ade52-4282-4b1a-b881-b5834e751b62,ok,2,240.0,s3,robot1,task_012,fallback (waiter robot2),0,0.12090940171502354,True,2.9740000000000038,8.416999999999987,1.9740000000000038,1.9740000000000038,2.9740000000000038,0.9740000000000038,,0,0,0,5,2,1.3333333333333333,2,,,
parakram,20,3,10430743-bd63-4ea4-a783-16870d53918f,ok,1,175.9,s3,robot1,task_001,primary (waiter robot2),0,0.35393949014148535,True,2.8870000000000147,4.030000000000001,1.987000000000009,1.987000000000009,2.8870000000000147,1.1870000000000118,21.47500000000001,0,0,0,3,3,2.0,2,,,
parakram,20,4,5fd84286-8655-4ed3-8f98-365f08b74753,ok,1,343.4,s3,robot2,task_020,fallback (waiter robot3),0,0.248250369960168,True,2.964000000000027,10.286000000000001,1.8640000000000327,1.964000000000027,2.964000000000027,1.0640000000000214,,0,0,0,9,2,1.3333333333333333,2,,,
parakram,20,5,22f7ea84-41da-44c2-9814-c497f3005f96,ok,1,179.4,s3,robot1,task_003,fallback (waiter robot3),0,0.06574109805168385,True,2.3540000000000134,3.4480000000000075,1.8540000000000134,1.9540000000000077,2.3540000000000134,1.0540000000000163,,0,0,0,1,1,0.6666666666666666,2,,,
reauction_baseline,20,1,e895442c-4588-482a-aee8-d21c1dc974fc,no_trigger,1,241.9,s3,,,,,,,,,,,,,,,,,,,,,,,no blocking-junction moment found
reauction_baseline,20,1,f1a32dd8-8189-4eb3-8507-1b41cdb7c7dc,ok,2,199.0,s3,robot1,task_003,fallback (waiter robot3),0,0.12196944008201885,True,80.765,2.7789999999999964,1.1650000000000063,1.1650000000000063,80.765,1.1650000000000063,,0,0,0,4,3,2.0,0,,,
reauction_baseline,20,2,da04558d-4e86-4c0c-938e-4f47a760d38d,no_trigger,1,249.9,s3,,,,,,,,,,,,,,,,,,,,,,,no blocking-junction moment found
reauction_baseline,20,2,35553ff6-b4a7-450e-b6bd-191711e764dc,no_trigger,2,247.9,s3,,,,,,,,,,,,,,,,,,,,,,,no blocking-junction moment found
reauction_baseline,20,2,423920fe-ba07-4be2-981f-210c3a8ea2cf,no_trigger,3,249.9,s3,,,,,,,,,,,,,,,,,,,,,,,no blocking-junction moment found
reauction_baseline,20,3,943d5187-1626-4df5-94c1-eee62b3b6121,ok,1,176.4,s3,robot1,task_001,primary (waiter robot2),0,0.19587810466800032,True,2.294000000000011,3.4470000000000027,1.2940000000000111,1.2940000000000111,2.294000000000011,1.2940000000000111,43.18600000000001,0,0,0,2,2,1.3333333333333333,0,,,
reauction_baseline,20,4,319a8525-0383-4d20-a7f5-6986a640dcfb,ok,1,302.0,s3,robot1,task_015,fallback (waiter robot3),0,0.12579475150802974,True,9.92900000000003,11.058999999999997,5.129000000000019,9.42900000000003,9.92900000000003,1.129000000000019,,0,0,0,5,2,1.3333333333333333,0,,,
reauction_baseline,20,5,2b9e2680-3df0-4c3b-bfcc-db2d0deb918a,ok,1,245.4,s3,robot3,task_008,fallback (waiter robot1),0,0.1832051838939386,True,3.380000000000024,10.152000000000015,0.5800000000000125,5.5800000000000125,3.380000000000024,0.5800000000000125,,0,0,0,5,2,1.3333333333333333,0,,,
parakram,30,1,86dcbf65-47a9-4a50-afce-86fd8a64f6b0,ok,1,159.9,s3,robot3,task_002,primary (waiter robot2),0,0.11574121603731441,True,2.8330000000000055,10.658999999999999,1.733000000000004,1.9329999999999998,2.8330000000000055,1.0330000000000013,,0,1,0,2,2,1.3333333333333333,2,,,
parakram,30,2,67a07825-fc60-43f6-9fa6-76c92d8a8bd2,no_trigger,1,263.0,s3,,,,,,,,,,,,,,,,,,,,,,,no blocking-junction moment found
parakram,30,2,c963369f-050a-4e16-91b2-0dc5313155fb,no_trigger,2,296.2,s3,,,,,,,,,,,,,,,,,,,,,,,no blocking-junction moment found
parakram,30,2,5cf41cc9-14fa-450a-879b-0aafc072dc89,no_trigger,3,274.2,s3,,,,,,,,,,,,,,,,,,,,,,,no blocking-junction moment found
parakram,30,3,81f5cf68-5399-4624-939a-ace98f1e94ad,ok,1,183.9,s3,robot1,task_001,primary (waiter robot2),0,0.2938112978187071,True,2.9780000000000086,4.179000000000002,1.9780000000000086,1.9780000000000086,2.9780000000000086,1.1780000000000115,,0,0,0,3,2,1.3333333333333333,2,,,
parakram,30,4,2bbf008f-a820-4814-83ae-b9a9fdbf68a7,ok,1,217.9,s3,robot2,task_018,fallback (waiter robot1),0,0.16863137641351036,True,3.4470000000000027,7.120999999999995,1.7469999999999999,1.9470000000000027,3.4470000000000027,0.9470000000000027,,0,0,0,5,2,1.3333333333333333,2,,,
parakram,30,5,60d3bd6a-ce0b-4031-9ba0-25859e4bfadd,ok,1,201.9,s3,robot2,task_003,fallback (waiter robot1),0,0.1411766351256635,True,2.8200000000000074,4.955999999999989,1.9200000000000017,1.9200000000000017,2.8200000000000074,1.1200000000000045,,0,0,0,4,3,2.0,2,,,
reauction_baseline,30,1,3c67681e-5b50-4104-abba-b1e72344e5a1,no_trigger,1,241.9,s3,,,,,,,,,,,,,,,,,,,,,,,no blocking-junction moment found
reauction_baseline,30,1,e79081d6-5f81-4864-8638-08224fe6d51e,ok,2,257.9,s3,robot3,task_006,fallback (waiter robot1),0,0.0957009506977192,True,1.9920000000000186,8.248000000000019,0.9920000000000186,6.092000000000013,1.9920000000000186,0.9920000000000186,,0,0,0,4,0,0.0,0,,,
reauction_baseline,30,2,657ab47a-93dd-4e2b-9426-4bf9d12ae401,ok,1,265.4,s3,robot1,task_005,fallback (waiter robot3),0,0.09935896164780715,True,30.57800000000003,31.747000000000014,1.27800000000002,30.178000000000026,30.57800000000003,1.27800000000002,,0,0,0,5,1,0.6666666666666666,0,,,
reauction_baseline,30,3,666bfb79-4927-42f3-8ebb-8f59b54f99c7,ok,1,169.4,s3,robot1,task_001,primary (waiter robot2),0,0.5197605384218411,True,6.541000000000011,7.697000000000003,1.2410000000000139,5.4410000000000025,6.541000000000011,1.2410000000000139,,0,0,0,3,3,2.0,0,,,
reauction_baseline,30,4,67022ebb-651d-4997-9f60-c1ae33c07c59,no_trigger,1,241.4,s3,,,,,,,,,,,,,,,,,,,,,,,no blocking-junction moment found
reauction_baseline,30,4,9b7ed53e-40ae-40ab-9f82-1660c8ffa664,ok,2,253.4,s3,robot1,task_015,fallback (waiter robot3),0,0.15538327303608745,True,1.9820000000000135,14.572999999999993,0.9820000000000135,0.9820000000000135,1.9820000000000135,0.9820000000000135,57.278000000000006,0,0,0,5,2,1.3333333333333333,0,,,
reauction_baseline,30,5,49b96e9c-73d1-4c5b-893f-3aefcfeeac33,ok,1,217.9,s3,robot2,task_005,fallback (waiter robot3),0,0.22362790128308263,True,2.2040000000000077,8.692999999999998,1.0040000000000049,1.0090000000000003,2.2040000000000077,1.0040000000000049,67.79299999999999,0,0,0,5,2,1.3333333333333333,0,,,
parakram,40,1,5979326a-df6f-4ad1-95a6-2511d93a19d4,ok,1,246.9,s3,robot3,task_006,fallback (waiter robot2),0,0.2902488401764835,True,2.896000000000015,10.99600000000001,1.896000000000015,1.9960000000000093,2.896000000000015,1.396000000000015,,0,0,0,5,1,0.6666666666666666,2,,,
parakram,40,2,a548032c-0636-46b6-9fa8-9d6169908905,ok,1,205.4,s3,robot2,task_001,fallback (waiter robot1),0,0.1525007539825798,True,2.865000000000009,5.924000000000007,1.865000000000009,1.9650000000000034,2.865000000000009,1.065000000000012,,0,1,1,2,2,1.3333333333333333,2,,,
parakram,40,3,6a05d5d4-6b5b-49f1-aa73-7e50e905d56a,ok,1,181.4,s3,robot1,task_001,fallback (waiter robot3),0,0.15094821231315825,True,2.382000000000005,5.352000000000004,1.382000000000005,1.9819999999999993,2.382000000000005,1.0820000000000078,,0,0,0,2,2,1.3333333333333333,2,,,
parakram,40,4,22e162c4-1298-4cdc-b77e-b38a923907a9,no_trigger,1,254.0,s3,,,,,,,,,,,,,,,,,,,,,,,no blocking-junction moment found
parakram,40,4,fe9009e0-3822-4df7-837f-34508488c113,ok,2,267.9,s3,robot3,task_025,fallback (waiter robot2),0,0.06048784622042561,True,4.044000000000011,8.657999999999987,1.938999999999993,1.938999999999993,4.044000000000011,1.3389999999999986,,0,0,0,6,2,1.3333333333333333,2,,,
parakram,40,5,5766e256-9b72-4a63-a0f8-c7fe4fd78c77,ok,1,205.4,s3,robot2,task_001,fallback (waiter robot1),0,0.11535522826802518,True,8.965000000000003,12.304999999999993,1.9650000000000034,1.9650000000000034,8.965000000000003,1.1650000000000063,31.661,0,0,0,2,2,1.3333333333333333,2,,,
reauction_baseline,40,1,987f3ff0-626a-4be7-a009-d4981103e93b,ok,1,205.4,s3,robot1,task_008,fallback (waiter robot3),0,0.09029174615940089,True,1.9000000000000057,4.35499999999999,1.4000000000000057,5.0,1.9000000000000057,1.4000000000000057,,0,0,0,4,1,0.6666666666666666,0,,,
reauction_baseline,40,2,52e364f4-9520-47da-a935-6abd307b4bc7,no_trigger,1,239.9,s3,,,,,,,,,,,,,,,,,,,,,,,no blocking-junction moment found
reauction_baseline,40,2,e642fbbe-bfc6-4edb-863f-d8ba7a41dd95,no_trigger,2,252.1,s3,,,,,,,,,,,,,,,,,,,,,,,no blocking-junction moment found
reauction_baseline,40,2,94ab5613-9e5c-4565-85b9-e3553d09a30b,ok,3,271.9,s3,robot1,task_008,fallback (waiter robot3),0,0.16397695226811443,True,2.098000000000013,6.341000000000008,1.0980000000000132,12.198000000000008,2.098000000000013,1.0980000000000132,,0,0,0,4,1,0.6666666666666666,0,,,
reauction_baseline,40,3,18828e79-3a9b-46d7-b931-ee22ad664761,ok,1,186.2,s3,robot1,task_001,primary (waiter robot3),0,0.07438451316505551,True,6.246000000000009,2.5970000000000084,4.5460000000000065,,6.246000000000009,0.9460000000000122,,0,0,0,2,2,1.3333333333333333,0,,,
reauction_baseline,40,4,6766a80a-0b3a-4557-8c1a-31aff6be6c29,ok,1,282.0,s3,robot3,task_008,fallback (waiter robot1),0,0.17821470969915745,True,11.38300000000001,12.451999999999998,1.3830000000000098,10.38300000000001,11.38300000000001,1.3830000000000098,,0,0,0,6,3,2.0,0,,,
reauction_baseline,40,5,39267c77-d3ca-4f1b-a333-d5495231a07a,ok,1,288.1,s3,robot1,task_011,fallback (waiter robot3),0,0.12896972694892883,True,30.364000000000033,31.477000000000004,1.0640000000000214,29.26400000000001,30.364000000000033,1.0640000000000214,,0,0,0,5,2,1.3333333333333333,0,,,
parakram,50,1,2861b227-6fae-447f-af3b-aff2001fe6d0,ok,1,182.1,s3,robot3,task_002,primary (waiter robot2),0,0.16111875463222117,True,6.4010000000000105,18.802000000000007,1.9010000000000034,1.9010000000000034,6.4010000000000105,0.9010000000000034,50.687,0,0,0,2,2,1.3333333333333333,2,,,
parakram,50,2,993db2fc-ae7a-43f5-a682-ed5329f93f65,ok,1,263.9,s3,robot3,task_001,fallback (waiter robot1),0,0.08810543460643297,True,3.007000000000005,6.3289999999999935,1.4069999999999965,1.9069999999999965,3.007000000000005,1.007000000000005,25.99199999999999,0,1,0,3,2,1.3333333333333333,2,,,
parakram,50,3,6be69c00-f95f-463f-8f4d-4519d2a5f05f,ok,1,180.4,s3,robot1,task_001,primary (waiter robot3),0,0.07601037467791837,True,2.402000000000001,21.326000000000008,1.902000000000001,1.902000000000001,2.402000000000001,1.2020000000000124,,0,0,0,2,2,1.3333333333333333,2,,,
parakram,50,4,7cd473a7-2fb7-44ef-9265-68687e3245e8,ok,1,238.4,s3,robot1,task_002,fallback (waiter robot2),0,0.11343674830642576,True,2.4110000000000014,3.8009999999999877,1.811000000000007,2.0109999999999957,2.4110000000000014,1.4110000000000014,57.00399999999999,0,1,0,4,1,0.6666666666666666,2,,,
parakram,50,5,c7d3d9c2-cd7f-4cba-8ff7-2c75ccdc3265,ok,1,305.9,s3,robot3,task_025,fallback (waiter robot2),0,0.14920513602524973,True,2.495000000000033,8.692000000000007,1.8950000000000102,1.995000000000033,2.495000000000033,1.1950000000000216,,0,0,0,8,2,1.3333333333333333,2,,,
reauction_baseline,50,1,488e0a7d-dda6-4bf1-957d-4ebeed601f0a,no_trigger,1,264.4,s3,,,,,,,,,,,,,,,,,,,,,,,no blocking-junction moment found
reauction_baseline,50,1,2ef7736f-1417-4307-9bd4-808b4139fdf5,ok,2,297.1,s3,robot1,task_014,fallback (waiter robot2),0,0.11092391633027714,True,10.228000000000009,5.086999999999989,0.9279999999999973,0.9329999999999927,10.228000000000009,0.9279999999999973,,0,0,0,3,1,0.6666666666666666,0,,,
reauction_baseline,50,2,0efeb4a3-e132-4739-bc47-7caa97ac9781,ok,1,183.3,s3,robot2,task_001,fallback (waiter robot3),0,0.170125113134408,False,,,,,,1.061000000000007,,0,1,1,0,0,0.0,0,,,
reauction_baseline,50,3,19a45aaa-b384-49ac-8234-1e97dcfc070a,ok,1,277.9,s3,robot1,task_002,fallback (waiter robot3),0,0.26332953058510594,True,78.07600000000002,2.526999999999987,4.876000000000005,28.376000000000005,78.07600000000002,1.2760000000000105,,0,2,1,5,2,1.3333333333333333,0,,,
reauction_baseline,50,4,c32dbf6a-7773-4378-bd61-7a4565962277,ok,1,225.6,s3,robot3,task_012,fallback (waiter robot2),0,0.1664071549819414,False,,,1.2790000000000106,1.2790000000000106,,1.2790000000000106,,0,0,0,5,3,2.0,0,,,
reauction_baseline,50,5,e267296a-2cc6-4c97-9582-7ff5e6c17622,ok,1,266.2,s3,robot3,task_001,fallback (waiter robot1),0,0.3213156401850186,True,16.39099999999999,19.732,1.2909999999999968,5.290999999999997,16.39099999999999,1.2909999999999968,,0,0,0,4,2,1.3333333333333333,0,,,
parakram,60,1,737ef469-a22d-4257-8bbe-2f6e82535d5a,no_trigger,1,272.1,s3,,,,,,,,,,,,,,,,,,,,,,,no blocking-junction moment found
parakram,60,1,24d56253-b3a0-401e-8953-c9b5c49b9d0c,ok,2,254.6,s3,robot1,task_003,fallback (waiter robot2),0,0.15034435291299186,True,2.146000000000015,5.713000000000008,1.2460000000000093,1.7460000000000093,2.146000000000015,1.146000000000015,,0,0,0,4,2,1.3333333333333333,3,,,
parakram,60,2,f26a7dab-9c1d-49b8-a590-b9dbca1a093e,no_trigger,1,268.0,s3,,,,,,,,,,,,,,,,,,,,,,,no blocking-junction moment found
parakram,60,2,4e03b2c8-6aec-4f32-bd27-a6485537daab,ok,2,316.1,s3,robot2,task_018,fallback (waiter robot3),0,0.16512994646796383,True,2.559000000000026,7.159999999999997,1.4590000000000032,1.4590000000000032,2.559000000000026,0.7590000000000146,,0,0,0,5,2,1.3333333333333333,6,,,
parakram,60,3,00ca657c-598a-4aa2-9d7b-f64ff97c5c46,ok,1,202.0,s3,robot2,task_002,fallback (waiter robot3),0,0.1854075753744266,True,2.6970000000000027,5.390999999999991,1.5969999999999942,1.9969999999999999,2.6970000000000027,1.3970000000000056,,0,0,0,4,3,2.0,3,,,
parakram,60,4,f371d921-9856-4675-a323-372ba964eb88,no_trigger,1,243.9,s3,,,,,,,,,,,,,,,,,,,,,,,no blocking-junction moment found
parakram,60,4,89106d34-666b-4b6d-88a0-9e9b0307a7e7,ok,2,225.4,s3,robot1,task_003,fallback (waiter robot3),0,0.12046273644981187,True,44.883000000000024,3.8870000000000005,1.5830000000000126,1.8830000000000098,44.883000000000024,1.0830000000000126,,0,0,0,3,0,0.0,2,,,
parakram,60,5,50a1fdfd-3f4e-41fa-901f-2946aba17d93,ok,1,196.0,s3,robot1,task_014,fallback (waiter robot2),0,0.30194720705726574,True,2.4980000000000047,6.771999999999991,1.8979999999999961,1.8979999999999961,2.4980000000000047,0.9980000000000047,,0,0,0,3,2,1.3333333333333333,5,,,
reauction_baseline,60,1,0f9efbfa-ebbe-4632-a5e2-c0d5a2d9cb9d,no_trigger,1,280.6,s3,,,,,,,,,,,,,,,,,,,,,,,no blocking-junction moment found
reauction_baseline,60,1,65845252-fd40-495e-8163-3dda2d636e44,no_trigger,2,278.5,s3,,,,,,,,,,,,,,,,,,,,,,,no blocking-junction moment found
reauction_baseline,60,1,a207e27b-fc12-4e85-9c38-25aab342a28d,ok,3,194.5,s3,robot2,task_001,primary (waiter robot1),0,0.1642641792857761,False,,6.881,,,,1.257000000000005,,0,2,1,0,0,0.0,0,,,
reauction_baseline,60,2,31bb4f3b-8d62-476a-ad4d-150c3dbaf741,ok,1,354.2,s3,robot1,task_011,fallback (waiter robot2),0,0.10085842851118317,True,60.45500000000001,75.11699999999999,1.1599999999999966,59.45500000000001,60.45500000000001,1.1550000000000011,,0,0,0,3,1,0.6666666666666666,0,,,
reauction_baseline,60,3,63fbd74e-a2a1-4d39-98a6-cc013e8e881a,ok,1,183.9,s3,robot2,task_002,primary (waiter robot3),0,0.1864904948009769,True,2.051000000000016,5.798000000000002,1.0510000000000161,1.0510000000000161,2.051000000000016,1.0510000000000161,80.44800000000001,0,2,1,2,2,1.3333333333333333,0,,,
reauction_baseline,60,4,d5a721d7-4163-472e-962b-904aea926d02,ok,1,233.4,s3,robot2,task_010,fallback (waiter robot3),0,0.05360393073111898,True,2.3800000000000097,6.376999999999995,1.3800000000000097,4.980000000000004,2.3800000000000097,1.3800000000000097,52.66699999999999,0,3,0,1,0,0.0,0,,,
reauction_baseline,60,5,a9a97b24-1525-4e5d-a35c-879eb646c56b,ok,1,254.0,s3,robot1,task_011,fallback (waiter robot3),0,0.046012476306071075,True,5.836000000000013,7.424999999999983,1.0360000000000014,4.936000000000007,5.836000000000013,1.0360000000000014,,0,1,1,5,3,2.0,0,,,
