loss_pct,seed,model,burst_corr,run_id,status,attempt,wall_s,contacts,min_rr_distance_m,min_static_clearance_m,legs_completed,legs_assigned,all_legs_completed,makespan_s,throughput_legs_per_min,run_length_s,max_blocked_s,breaker_events,tick_p95_ms,processes_died,intent_streams,intent_published,intent_received,intent_dropped,intent_passed,intent_drop_ratio,intent_delivered_ratio,intent_processed_ratio,intent_mean_drop_burst,state_published,state_received,state_dropped,state_drop_ratio,state_processed_ratio,safety_ticks,safety_intervention_frac,safety_filter_active_frac,error
0,1,bernoulli,0.8,b2802af4-6d1d-42d3-970e-c37fa785f7b8,ok,1,391.9,0,0.12510099876036787,0.07592306582125699,25,25,1,335.70000000000005,4.468275245755138,365.911,30.5,1,0.43,0,6,21924,21924,0,21924,0.0,1.0,1.0,,21924,21924,0,0.0,1.0,21957,0.0382,0.0296,
0,2,bernoulli,0.8,78cd64fb-c1f8-4e0a-b3ef-d532c02d1fbe,ok,1,362.0,0,0.11903488478035738,0.07862758521851958,24,24,1,316.8,4.545454545454545,321.642,30.700000000000003,2,0.482,0,6,19398,19398,0,19398,0.0,1.0,1.0,,19398,19398,0,0.0,1.0,19299,0.0298,0.0173,
0,3,bernoulli,0.8,4bb1dc1a-579c-4025-9e69-69dde1afb559,ok,1,357.8,0,0.1339533604056709,0.07640026137346267,24,24,1,314.270000001,4.58204728416781,318.634000001,52.0,1,0.496,0,6,19154,19154,0,19154,0.0,1.0,1.0,,19154,19152,0,0.0,0.9998955831680066,19115,0.0135,0.0021,
0,4,bernoulli,0.8,a0778ec3-e087-4e28-944a-b902a9282216,ok,1,395.3,0,0.1315257281723595,0.0832841225952144,26,26,1,341.3,4.570758863170231,356.997,29.5,0,0.4450499999999993,0,6,21484,21484,0,21484,0.0,1.0,1.0,,21484,21480,0,0.0,0.9998138149320425,21420,0.0317,0.0178,
0,5,bernoulli,0.8,bad57c01-593d-402a-a91b-9226f3348c60,ok,1,355.3,0,0.13849093521794748,0.0802850996561448,25,25,1,319.6,4.693366708385481,324.103,27.799999999999955,0,0.456,0,6,19472,19472,0,19472,0.0,1.0,1.0,,19472,19472,0,0.0,1.0,19449,0.0323,0.0201,
10,1,bernoulli,0.8,90af073f-aaea-4e32-984f-f5295485bf16,ok,1,373.8,0,0.13143087753994276,0.06869967189793288,25,25,1,342.499999999,4.3795620438084075,346.979,31.899999999999977,1,0.425,0,6,20869,20869,2197,18672,0.10527576788538023,1.0,0.8947242321146198,1.1040201005025125,20867,20866,2071,0.09925237228026454,0.9007044615900704,20818,0.0461,0.0351,
10,2,bernoulli,0.8,10d46747-58ac-41ca-987c-44000b6d5b03,ok,1,449.3,0,0.12360418431531263,0.05993283319890591,26,26,1,358.18499999999995,4.35529126010302,424.06100000000004,31.19999999999999,3,0.436,0,6,25504,25504,2508,22996,0.0983375156838143,1.0,0.9016624843161857,1.1156583629893237,25504,25500,2521,0.09886274509803922,0.9009959222082811,25418,0.0603,0.0484,
10,3,bernoulli,0.8,97f5e269-2ca8-4db6-af6f-9342bdf494f7,ok,1,381.3,0,0.13323650632575743,0.07554772581981867,25,25,1,333.5,4.497751124437781,356.18,30.200000000000017,2,0.42704999999999926,0,6,21444,21444,2172,19272,0.1012870733072188,1.0,0.8987129266927812,1.097524002021223,21444,21444,2157,0.10058757694459988,0.8994124230554001,21372,0.0474,0.0342,
10,4,bernoulli,0.8,9a6773c4-bc5c-4b10-ac50-340c91f0b8e7,ok,1,409.3,0,0.12278826688706412,0.06235930201509615,25,25,1,353.40000000000003,4.244482173174872,383.975000001,31.799999999999983,3,0.43,0,6,23038,23038,2234,20804,0.09697022310964494,1.0,0.903029776890355,1.101577909270217,23038,23038,2281,0.09901033075787828,0.9009896692421218,23040,0.0408,0.0280,
10,5,bernoulli,0.8,8d31fca6-248e-4ea0-b8e6-b39bdd4af85d,ok,1,349.3,0,0.13995515043334453,0.07950916580736572,25,25,1,319.40000000000003,4.69630557294928,323.993,29.800000001,0,0.406,0,6,19497,19497,1921,17576,0.09852797866338411,1.0,0.9014720213366159,1.105929763960852,19497,19494,1976,0.10136452241715399,0.8984972046981586,19430,0.0302,0.0204,
20,1,bernoulli,0.8,9111a365-9350-481d-a34c-2eb6278a2e1d,ok,1,355.8,0,0.12331209774750475,0.07320265349114209,24,24,1,318.799999999,4.516938519462098,323.081,30.099999999999994,1,0.41,0,6,19474,19474,3995,15479,0.20514532196775187,1.0,0.7948546780322481,1.2461010605115408,19474,19474,3861,0.19826435246995994,0.80173564753004,19386,0.0370,0.0249,
20,2,bernoulli,0.8,3cb8b946-96b6-4f37-9f77-fde4ce857f1f,ok,1,367.8,0,0.13048776852996277,0.06164418600426813,24,24,1,335.33500000099997,4.294213249424325,339.849000001,32.40000000100001,1,0.421,0,6,20400,20400,4047,16353,0.19838235294117648,1.0,0.8016176470588235,1.243700061462815,20400,20400,4021,0.1971078431372549,0.8028921568627451,20391,0.0443,0.0316,
20,3,bernoulli,0.8,fc5cca8d-0e05-40d5-88c3-51f4b6f73e55,ok,1,367.8,0,0.13040356270128114,0.07819144983614414,24,24,1,336.3,4.281891168599465,340.914,35.900000000000006,4,0.4,0,6,20452,20452,4117,16335,0.2013006062976726,1.0,0.7986993937023275,1.2453115547489413,20452,20452,4164,0.20359867005671817,0.7964013299432818,20457,0.0514,0.0406,
20,4,bernoulli,0.8,b404d85d-9406-4494-a0b4-50fd0601c877,ok,1,377.3,0,0.12943303228687325,0.07793847866328855,25,25,1,335.445,4.4716719581451505,351.849,29.99999999999997,1,0.421,0,6,21132,21132,4177,16955,0.19766231307968957,1.0,0.8023376869203104,1.2461217183770883,21132,21132,4281,0.20258375922771152,0.7974162407722885,21111,0.0312,0.0191,
20,5,bernoulli,0.8,7109225a-1fd9-42a6-a04b-670c8e713b05,ok,1,377.8,0,0.12386342580522067,0.06423898789268132,25,25,1,345.299999999,4.344048653357498,351.55,37.19999999999999,3,0.404,0,6,21170,21170,4183,16987,0.1975909305621162,1.0,0.8024090694378838,1.2375739644970414,21170,21170,4280,0.2021728861596599,0.7978271138403401,21096,0.0470,0.0345,
30,1,bernoulli,0.8,51dc881e-13c4-434c-aa29-e731658efe19,ok,1,405.8,0,0.12563892844572755,0.06881306371758082,27,27,1,341.6,4.742388758782201,377.694,28.200000000000045,0,0.427,0,6,22736,22736,6948,15788,0.305594651653765,1.0,0.694405348346235,1.4408958938199916,22736,22736,6779,0.29816150598170305,0.701838494018297,22662,0.0280,0.0166,
30,2,bernoulli,0.8,deb37565-1570-4de0-8326-aa5d37285812,ok,1,371.8,0,0.1394411224738102,0.0767634735105029,27,27,1,339.71000000099997,4.76877336550361,344.480000001,30.099999999999994,1,0.42704999999999926,0,6,20698,20698,6169,14529,0.2980481205913615,1.0,0.7019518794086386,1.42569909868269,20698,20696,6157,0.2974971008890607,0.7024350178761233,20670,0.0339,0.0187,
30,3,bernoulli,0.8,b8c3aa65-736d-4f23-a8e0-3ffc0d3e6c08,ok,1,385.8,0,0.12111345703213788,0.06901266329312788,24,24,1,340.0,4.235294117647059,357.144,52.0,1,0.401,0,6,21490,21490,6491,14999,0.3020474639367148,1.0,0.6979525360632852,1.4335247349823321,21490,21490,6567,0.3055839925546766,0.6944160074453234,21422,0.0309,0.0184,
30,4,bernoulli,0.8,71a8393a-50d3-4156-8256-31413e2931a7,ok,1,373.3,0,0.13016040145168567,0.08035122187892953,25,25,1,331.1,4.53035336756267,348.051,31.19999999999999,1,0.408,0,6,20803,20803,6274,14529,0.3015911166658655,1.0,0.6984088833341345,1.4272065514103731,20803,20803,6239,0.29990866701917995,0.70009133298082,20886,0.0282,0.0166,
30,5,bernoulli,0.8,5013ea34-33f6-4018-9806-fa1b5ba6da18,ok,1,351.3,0,0.13075175012821386,0.07356382890898698,24,24,1,321.70000000000005,4.47622008082064,326.47900000000004,30.69999999999999,1,0.421,0,6,19566,19566,5833,13733,0.29811918634365736,1.0,0.7018808136563426,1.4150897622513343,19566,19566,5938,0.3034856383522437,0.6965143616477563,19590,0.0414,0.0305,
40,1,bernoulli,0.8,1ed1d560-fc4c-41c8-8509-9198fefc5af9,ok,1,367.8,0,0.1261644655473514,0.06808221830789216,25,25,1,336.0,4.464285714285714,340.232,28.69999999999999,0,0.427,0,6,20376,20376,8285,12091,0.4066058107577542,1.0,0.5933941892422457,1.6825751421608448,20376,20373,8207,0.4028370883031463,0.5970749901845308,20403,0.0415,0.0302,
40,2,bernoulli,0.8,9024cee1-6bf1-46ec-9ca5-ce408d1b9408,ok,1,351.3,0,0.12320747521976144,0.08078984364203202,24,24,1,320.600000001,4.491578290690918,324.903000001,31.0,1,0.4040499999999993,0,6,19524,19524,7776,11748,0.39827904118008606,1.0,0.6017209588199139,1.6665237891127305,19524,19524,7712,0.39500102438025,0.60499897561975,19497,0.0390,0.0301,
40,3,bernoulli,0.8,778e144c-63cd-4899-8ae5-d12cb9178dfb,ok,1,384.8,0,0.1361342234250931,0.08008238641987736,27,27,1,339.299999999,4.774535809032639,345.95500000000004,30.400000000000006,1,0.41604999999999925,0,6,20810,20810,8372,12438,0.40230658337337816,1.0,0.5976934166266218,1.671057884231537,20810,20810,8525,0.40965881787602115,0.5903411821239789,20760,0.0383,0.0234,
40,4,bernoulli,0.8,fa0377eb-8a7a-4c4d-9c2c-f57f7596b160,ok,1,379.3,0,0.12818203139768405,0.0752480155276883,25,25,1,323.699999999,4.633920296585215,353.262,32.599999999999966,2,0.412,0,6,21259,21259,8542,12717,0.40180629380497673,1.0,0.5981937061950233,1.6921553090332806,21259,21259,8491,0.39940730984524203,0.600592690154758,21198,0.0316,0.0192,
40,5,bernoulli,0.8,9706a8e0-f638-4c56-8c3d-f65c820e4974,ok,1,355.8,0,0.13472022918865434,0.07391998061034866,23,23,1,324.355,4.254597585978326,328.445,52.099999999999994,3,0.423,0,6,19697,19697,7813,11884,0.396659389754785,1.0,0.603340610245215,1.6538950042337002,19697,19697,8016,0.40696552774534195,0.5930344722546581,19707,0.0375,0.0249,
50,1,bernoulli,0.8,1a93a822-53a4-494d-b539-6c66e94482a7,ok,1,391.8,0,0.1405114493111507,0.08549036627007403,27,27,1,336.72,4.81111903064861,364.813,29.50000000099999,0,0.439,0,6,21958,21958,11061,10897,0.5037344020402587,1.0,0.49626559795974134,2.033645890788748,21957,21957,11026,0.5021633192148289,0.497836680785171,21873,0.0257,0.0107,
50,2,bernoulli,0.8,83b24502-20e5-491d-ae08-fb16ca63849c,ok,1,401.8,0,0.12681977711357992,0.07481500339357103,24,24,1,337.29999999999995,4.2691965609249936,374.332,52.0,3,0.42,0,6,22502,22502,11260,11242,0.5003999644476047,1.0,0.49960003555239535,2.0039152874176898,22502,22500,11109,0.49373333333333336,0.5062216691849614,22461,0.0363,0.0260,
50,3,bernoulli,0.8,85c3ead6-4978-41e4-9e6c-fe11d8eb0bb9,ok,1,393.8,0,0.12119181754119186,0.07456171028987474,26,26,1,351.50000000100005,4.4381223328465484,358.45900000100005,31.699999999,1,0.454,0,6,21542,21542,10748,10794,0.4989323182619998,1.0,0.5010676817380002,1.9977695167286245,21542,21542,10965,0.509005663355306,0.4909943366446941,21510,0.0407,0.0282,
50,4,bernoulli,0.8,d8c424a2-8d66-4dec-b7ab-dfc2de1e1c0b,ok,1,371.4,0,0.13318524518064134,0.0752398767119597,27,27,1,337.050000001,4.806408544712042,344.114000001,30.500000001000004,1,0.434,0,6,20668,20668,10375,10293,0.5019837429843236,1.0,0.4980162570156764,2.027951524628616,20668,20668,10240,0.49545190632862396,0.504548093671376,20649,0.0326,0.0191,
50,5,bernoulli,0.8,eb81d5e0-251b-46c1-befe-01902e2d409b,ok,1,405.3,0,0.11986010826192152,0.07501186859873536,26,26,1,347.875,4.484369385555157,379.867,25.300000000000004,0,0.409,0,6,22798,22798,11324,11474,0.49671023774015266,1.0,0.5032897622598473,1.975231118088261,22798,22798,11542,0.506272480042109,0.49372751995789105,22791,0.0168,0.0060,
60,1,bernoulli,0.8,dc91e53d-9a50-4dff-9542-256f211b7163,ok,1,365.3,0,0.13041458409539564,0.07476171643877144,23,23,1,335.350000001,4.115103623068093,339.903000001,51.999999999999986,1,0.426,0,6,20401,20401,12308,8093,0.6033037596196265,1.0,0.3966962403803735,2.519033974621367,20401,20401,12295,0.6026665359541199,0.3973334640458801,20397,0.0334,0.0225,
60,2,bernoulli,0.8,8e1d7404-bd12-4265-aa26-685f43b85204,ok,1,367.3,0,0.12162437868918581,0.08007239147676701,25,25,1,337.6,4.443127962085308,342.532,36.89999999999998,1,0.405,0,6,20600,20600,12397,8203,0.6017961165048543,1.0,0.3982038834951456,2.48436873747495,20600,20598,12206,0.5925818040586465,0.40737864077669905,20548,0.0408,0.0286,
60,3,bernoulli,0.8,5c7534dc-9bee-473e-a479-cfadaec3db3e,ok,1,391.9,0,0.11534803336665307,0.07422689824892598,27,27,1,329.799999999,4.91206791996638,365.016,30.299999999999955,1,0.416,0,6,21944,21944,13232,8712,0.6029894276339774,1.0,0.3970105723660226,2.5251908396946563,21944,21934,13353,0.6087808881189022,0.39104083120670796,21903,0.0284,0.0160,
60,4,bernoulli,0.8,7064828a-ccf9-40b3-8439-307177cb14f8,ok,1,407.3,0,0.13120423749053584,0.06888879434938,25,25,1,338.90000000000003,4.426084390675715,382.083000001,32.199999999,2,0.416,0,6,22892,22892,13830,9062,0.6041411846933427,1.0,0.39585881530665734,2.5232621784345923,22892,22892,13690,0.5980255110955792,0.4019744889044208,22926,0.0291,0.0172,
60,5,bernoulli,0.8,29817452-7666-4f58-9cbe-aedd9145e4bc,ok,1,351.8,0,0.1294419485847015,0.0813776974488898,24,24,1,315.9,4.5584045584045585,320.377,30.799999999999997,1,0.3990499999999993,0,6,19206,19206,11472,7734,0.5973133395813808,1.0,0.40268666041861917,2.481505515898767,19206,19200,11581,0.6031770833333333,0.39669894824534,19224,0.0242,0.0131,
