case,rmw,link,loss_pct,corr_pct,iface,stream,qos,n_sent,n_delivered,delivery_ratio,expected_best_effort_ratio,tolerance,within_tolerance,on_time_ratio_100ms,latency_p50_ms,latency_p95_ms,latency_max_ms,duplicates
1,rmw_fastrtps_cpp,"UDPv4 (Fast DDS, shared memory off)",0.0000,0.0000,lo,best_effort,"INTENT_QOS (BEST_EFFORT, VOLATILE, KEEP_LAST 5)",400,400,1.0000,1.0000,0.0100,True,1.0000,1.4025,1.8769,3.0479,0
1,rmw_fastrtps_cpp,"UDPv4 (Fast DDS, shared memory off)",0.0000,0.0000,lo,reliable,"TASK_QOS (RELIABLE, TRANSIENT_LOCAL, KEEP_ALL)",400,400,1.0000,1.0000,0.0100,True,1.0000,1.8106,2.6754,5.6951,0
2,rmw_fastrtps_cpp,"UDPv4 (Fast DDS, shared memory off)",10.0000,0.0000,lo,best_effort,"INTENT_QOS (BEST_EFFORT, VOLATILE, KEEP_LAST 5)",400,368,0.9200,0.9000,0.0550,True,0.9200,1.4930,1.8800,2.6970,0
2,rmw_fastrtps_cpp,"UDPv4 (Fast DDS, shared memory off)",10.0000,0.0000,lo,reliable,"TASK_QOS (RELIABLE, TRANSIENT_LOCAL, KEEP_ALL)",400,400,1.0000,0.9000,0.0100,True,0.1425,1841.3020,6933.3247,8924.6209,0
3,rmw_fastrtps_cpp,"UDPv4 (Fast DDS, shared memory off)",30.0000,0.0000,lo,best_effort,"INTENT_QOS (BEST_EFFORT, VOLATILE, KEEP_LAST 5)",397,286,0.7204,0.7000,0.0790,True,0.7204,1.5215,2.0537,7.0050,0
3,rmw_fastrtps_cpp,"UDPv4 (Fast DDS, shared memory off)",30.0000,0.0000,lo,reliable,"TASK_QOS (RELIABLE, TRANSIENT_LOCAL, KEEP_ALL)",397,397,1.0000,0.7000,0.0100,True,0.0378,5834.6159,15003.1983,16914.6559,0
4,rmw_fastrtps_cpp,"UDPv4 (Fast DDS, shared memory off)",60.0000,0.0000,lo,best_effort,"INTENT_QOS (BEST_EFFORT, VOLATILE, KEEP_LAST 5)",400,153,0.3825,0.4000,0.0835,True,0.3825,1.6179,1.9320,2.3458,0
4,rmw_fastrtps_cpp,"UDPv4 (Fast DDS, shared memory off)",60.0000,0.0000,lo,reliable,"TASK_QOS (RELIABLE, TRANSIENT_LOCAL, KEEP_ALL)",400,400,1.0000,0.4000,0.0100,True,0.0000,10967.6684,25020.3988,27011.5001,0
5,rmw_fastrtps_cpp,"UDPv4 (Fast DDS, shared memory off)",30.0000,25.0000,lo,best_effort,"INTENT_QOS (BEST_EFFORT, VOLATILE, KEEP_LAST 5)",400,316,0.7900,0.7000,0.0787,,0.7900,1.6090,1.9336,9.5599,0
5,rmw_fastrtps_cpp,"UDPv4 (Fast DDS, shared memory off)",30.0000,25.0000,lo,reliable,"TASK_QOS (RELIABLE, TRANSIENT_LOCAL, KEEP_ALL)",400,400,1.0000,0.7000,0.0100,True,0.0750,4740.7360,15732.3503,17719.9559,0
6,rmw_cyclonedds_cpp,"UDP (CycloneDDS, static unicast peers)",0.0000,0.0000,lo,best_effort,"INTENT_QOS (BEST_EFFORT, VOLATILE, KEEP_LAST 5)",400,400,1.0000,1.0000,0.0100,True,1.0000,1.3045,1.6680,1.9300,0
6,rmw_cyclonedds_cpp,"UDP (CycloneDDS, static unicast peers)",0.0000,0.0000,lo,reliable,"TASK_QOS (RELIABLE, TRANSIENT_LOCAL, KEEP_ALL)",400,400,1.0000,1.0000,0.0100,True,1.0000,1.7565,2.3819,3.2170,0
7,rmw_cyclonedds_cpp,"UDP (CycloneDDS, static unicast peers)",30.0000,0.0000,lo,best_effort,"INTENT_QOS (BEST_EFFORT, VOLATILE, KEEP_LAST 5)",400,284,0.7100,0.7000,0.0787,True,0.7100,1.3449,1.7578,2.1570,0
7,rmw_cyclonedds_cpp,"UDP (CycloneDDS, static unicast peers)",30.0000,0.0000,lo,reliable,"TASK_QOS (RELIABLE, TRANSIENT_LOCAL, KEEP_ALL)",400,400,1.0000,0.7000,0.0100,True,0.6075,3.4854,403.3029,905.1020,0
8,rmw_cyclonedds_cpp,"UDP (CycloneDDS, static unicast peers)",60.0000,0.0000,lo,best_effort,"INTENT_QOS (BEST_EFFORT, VOLATILE, KEEP_LAST 5)",347,140,0.4035,0.4000,0.0889,True,0.4035,1.4330,1.7831,1.9701,0
8,rmw_cyclonedds_cpp,"UDP (CycloneDDS, static unicast peers)",60.0000,0.0000,lo,reliable,"TASK_QOS (RELIABLE, TRANSIENT_LOCAL, KEEP_ALL)",347,347,1.0000,0.4000,0.0100,True,0.0778,1503.4511,4314.2571,5505.3680,0
9,rmw_zenoh_cpp,"TCP (rmw_zenoh default links, via a router)",0.0000,0.0000,lo,best_effort,"INTENT_QOS (BEST_EFFORT, VOLATILE, KEEP_LAST 5)",400,400,1.0000,1.0000,0.0100,True,1.0000,1.7337,2.2123,3.3641,0
9,rmw_zenoh_cpp,"TCP (rmw_zenoh default links, via a router)",0.0000,0.0000,lo,reliable,"TASK_QOS (RELIABLE, TRANSIENT_LOCAL, KEEP_ALL)",400,400,1.0000,1.0000,0.0100,True,1.0000,2.1365,2.9017,3.6869,0
10,rmw_zenoh_cpp,"TCP (rmw_zenoh default links, via a router)",30.0000,0.0000,lo,best_effort,"INTENT_QOS (BEST_EFFORT, VOLATILE, KEEP_LAST 5)",400,69,0.1725,0.7000,0.0787,False,0.0500,326.7431,13166.7308,17901.9909,0
10,rmw_zenoh_cpp,"TCP (rmw_zenoh default links, via a router)",30.0000,0.0000,lo,reliable,"TASK_QOS (RELIABLE, TRANSIENT_LOCAL, KEEP_ALL)",400,320,0.8000,0.7000,0.0100,False,0.0475,3902.7175,16912.0281,18505.1210,0
11,rmw_zenoh_cpp,"TCP (rmw_zenoh default links, via a router)",60.0000,0.0000,lo,best_effort,"INTENT_QOS (BEST_EFFORT, VOLATILE, KEEP_LAST 5)",400,0,0.0000,0.4000,0.0835,False,0.0000,,,,0
11,rmw_zenoh_cpp,"TCP (rmw_zenoh default links, via a router)",60.0000,0.0000,lo,reliable,"TASK_QOS (RELIABLE, TRANSIENT_LOCAL, KEEP_ALL)",400,0,0.0000,0.4000,0.0100,False,0.0000,,,,0
