mode,loss_pct,n_runs,freed_all_n,freed_all_mean,freed_all_std,freed_all_ci95,freed_all_median,freed_all_max,reacquired_n,reacquired_mean,reacquired_std,reacquired_ci95,reacquired_max,entered_mean,entered_max,freed_first_mean,detect_mean,task_reassigned_mean,contacts_total,duplicates_total,concurrent_execution_total,throughput_mean,throughput_std,freezes_mean,run_ids
parakram,0,5,5,1.9490,0.0282,0.0350,1.9400,1.9970,5,2.8690,0.3108,0.3859,3.1340,7.4188,10.4740,1.9490,1.0490,20.1330,0,0,0,1.4667,0.7303,2.0000,f1c5b015-bcd8-40c4-a357-423ddd69d865 7b22d25e-9353-48dc-a3b1-c2fb690b0f11 4bff362e-8d5d-4817-b69e-9813d8ac745c bf383038-0daa-44e4-8269-e0cfeceffa7d 109ea503-268c-4544-9fd4-55a3110ec39c
parakram,10,5,5,1.9904,0.0207,0.0258,1.9980,2.0100,5,11.7704,19.9202,24.7342,47.4020,7.1098,10.6150,1.9704,1.0904,46.4730,0,0,0,1.3333,0.0000,2.0000,efc8eac6-1a39-4321-a42e-5647bc330c51 b5025408-7517-4ea5-a57d-3cc96349f4d0 6ace9bf0-69b5-478d-b799-f19930e4bea3 f886642b-a09d-4f35-b134-cc6af86b3159 1306732f-3e4e-47dd-97bb-6920756f780d
parakram,20,5,5,1.9500,0.0308,0.0382,1.9400,1.9940,5,3.0100,0.0636,0.0790,3.0940,7.0544,10.2740,1.9100,1.1700,,0,0,0,1.6000,0.8944,2.0000,047fb456-ac7e-40a0-9c84-57ed6daca17e 3e403510-494b-4bbb-8cad-855d5ea48a29 ac54d39d-8694-43ea-914a-e29dacdc03bf 6ead1e13-ec6c-46fb-aaea-c9d617ebaaf3 b5457eda-3479-4d2a-9df8-3c4ba15cafe1
parakram,30,5,5,1.9602,0.0272,0.0338,1.9610,1.9970,5,8.1002,9.1343,11.3418,23.7970,14.7762,29.7680,1.9202,1.1802,80.6660,0,0,0,1.0667,0.5963,2.0000,8f5aa650-9557-4df5-86af-35c199c00780 ab2594a5-032d-4b80-95ab-583db6ecde73 1d6d3096-2e9e-497f-a7aa-889791df2dd7 bbefe7af-ce7d-428f-822b-f571d9d1c3f0 9f55ba0b-1fc0-4ed6-bde4-b13e52d15740
parakram,40,5,5,1.8910,0.0946,0.1174,1.9160,1.9710,5,19.8110,21.6977,26.9413,53.6710,11.7858,18.4550,1.7710,1.1310,55.0320,0,0,0,1.2000,0.2981,2.0000,ccfc45d1-43d7-40e0-8735-4332ac359055 3b35966c-a405-410a-b006-2e74029054eb e689ffc7-43f4-4648-9514-3a213d74df07 b114b690-4cd3-404d-acff-0c3abe190d41 65cee692-afea-4b3d-b4ec-17d61f2b0897
parakram,50,5,5,1.9086,0.0237,0.0294,1.9140,1.9360,5,3.1286,0.6232,0.7739,3.8360,5.9246,11.4370,1.7486,1.1886,16.5120,0,0,0,1.2000,0.5578,2.4000,2523ca29-bba2-4128-bf06-881c3d58cd02 52043394-ed28-457d-9bb5-47bb95708d15 71868cac-85e5-470a-823d-1376296b17ac 32335e6d-cd8e-4e0c-b8d3-2839f9770915 ece6e491-ea5b-4c64-a340-4089e223bf12
parakram,60,5,5,1.9478,0.0725,0.0900,1.9810,2.0010,5,2.5478,0.2176,0.2702,2.8810,6.1860,8.8820,1.7678,1.0678,48.3100,0,0,0,1.4667,0.5578,4.0000,fdffc6eb-7bed-4aa6-9f80-676bc079da89 e31c334f-1071-4a62-8f73-ae17ac7cd653 24154336-4907-4741-a49a-a2ded4f4b380 a154cd2a-5785-4963-a081-54ef27448187 ebfad9ed-165c-4be1-83fb-1e6299b22d68
reauction_baseline,0,5,5,1.1440,0.1834,0.2277,1.1280,1.4060,5,3.6810,3.1284,3.8844,9.2690,8.9466,17.4110,1.1410,1.1410,63.1690,0,0,0,1.3333,0.4714,0.0000,9cc8ff15-4135-46f4-8e35-452c1369f2ff 03a284f9-b001-446c-a699-f4b629a812e8 7f2d1a32-4b5c-48fe-8c25-4d20ca951e5c e7450791-34cd-4cab-b169-d5f2cb878140 2113fa58-0162-4f16-8ee7-55890bee3de7
reauction_baseline,10,5,5,3.5300,3.7502,4.6565,1.2300,9.5210,5,4.0900,3.5306,4.3839,10.1210,7.1256,11.4990,1.1500,1.1500,26.3230,0,0,0,0.9333,0.3651,0.0000,b3890f78-fcea-4d25-989d-cd366f9aa9af 343dd6f4-fe6f-4f85-96a4-072c03f8b98a e53760fd-3284-4ad2-b165-07c6539ca0ec 28bdc5c8-dfbb-4d08-bd0a-9dc3e9f3f6d4 3a661dbf-92c4-46c3-8b82-ab9b94190547
reauction_baseline,20,5,5,3.7146,3.7183,4.6169,1.2940,9.4290,5,19.6736,34.3038,42.5938,80.7650,6.7652,11.0590,1.8546,1.0536,43.1860,0,0,0,1.4667,0.2981,0.0000,f1a32dd8-8189-4eb3-8507-1b41cdb7c7dc 76db8faa-72fc-4e9c-9e18-6cacd23f0063 943d5187-1626-4df5-94c1-eee62b3b6121 319a8525-0383-4d20-a7f5-6986a640dcfb 2b9e2680-3df0-4c3b-bfcc-db2d0deb918a
reauction_baseline,30,5,5,8.7404,12.2213,15.1747,5.4410,30.1780,5,8.6594,12.4059,15.4040,30.5780,14.1916,31.7470,1.0994,1.0994,62.5355,0,0,0,1.0667,0.7601,0.0000,e79081d6-5f81-4864-8638-08224fe6d51e 657ab47a-93dd-4e2b-9426-4bf9d12ae401 666bfb79-4927-42f3-8ebb-8f59b54f99c7 9b7ed53e-40ae-40ab-9f82-1660c8ffa664 49b96e9c-73d1-4c5b-893f-3aefcfeeac33
reauction_baseline,40,5,4,29.3690,35.0902,43.5702,12.1980,90.0000,5,10.3982,11.8106,14.6647,30.3640,11.4444,31.4770,1.8982,1.1782,,0,0,0,1.2000,0.5578,0.0000,987f3ff0-626a-4be7-a009-d4981103e93b 94ab5613-9e5c-4565-85b9-e3553d09a30b 18828e79-3a9b-46d7-b931-ee22ad664761 6766a80a-0b3a-4557-8c1a-31aff6be6c29 39267c77-d3ca-4f1b-a333-d5495231a07a
reauction_baseline,50,5,4,25.1758,37.9690,47.1448,5.2910,90.0000,3,56.9390,40.1836,49.8945,90.0000,9.1153,19.7320,2.0935,1.1670,,0,0,2,1.0667,0.7601,0.0000,2ef7736f-1417-4307-9bd4-808b4139fdf5 0efeb4a3-e132-4739-bc47-7caa97ac9781 19a45aaa-b384-49ac-8234-1e97dcfc070a c32dbf6a-7773-4378-bd61-7a4565962277 e267296a-2cc6-4c97-9582-7ff5e6c17622
reauction_baseline,60,5,4,32.0844,40.4293,50.1996,4.9800,90.0000,4,32.1444,40.7198,50.5604,90.0000,20.3196,75.1170,1.1568,1.1758,66.5575,0,0,3,0.8000,0.8692,0.0000,a207e27b-fc12-4e85-9c38-25aab342a28d 31bb4f3b-8d62-476a-ad4d-150c3dbaf741 63fbd74e-a2a1-4d39-98a6-cc013e8e881a d5a721d7-4163-472e-962b-904aea926d02 a9a97b24-1525-4e5d-a35c-879eb646c56b
